<?xml version="1.0" encoding="utf-8" standalone="yes" ?>
<T3DataStructure>
    <meta>
        <langDisable>1</langDisable>
    </meta>
    <sheets>
        <sDEF>
            <ROOT>
                <TCEforms>
                    <sheetTitle>LLL:EXT:bootstrap_package/Resources/Private/Language/Backend.xlf:settings</sheetTitle>
                </TCEforms>
                <type>array</type>
                <el>
                    <interval>
                        <TCEforms>
                            <label>LLL:EXT:bootstrap_package/Resources/Private/Language/Backend.xlf:carousel.interval
                            </label>
                            <config>
                                <type>input</type>
                                <size>8</size>
                                <default>5000</default>
                                <eval>required,int</eval>
                            </config>
                        </TCEforms>
                    </interval>
                    <background_image_maxwidth>
                        <TCEforms>
                            <label>LLL:EXT:bootstrap_package/Resources/Private/Language/Backend.xlf:carousel.background_image_maxwidth
                            </label>
                            <config>
                                <type>input</type>
                                <size>8</size>
                                <default>1920</default>
                                <eval>required,int</eval>
                            </config>
                        </TCEforms>
                    </background_image_maxwidth>
                    <transition>
                        <TCEforms>
                            <label>LLL:EXT:bootstrap_package/Resources/Private/Language/Backend.xlf:carousel.transition
                            </label>
                            <config>
                                <type>select</type>
                                <renderType>selectSingle</renderType>
                                <default>fade</default>
                                <items type="array">
                                    <numIndex index="0" type="array">
                                        <numIndex index="0">LLL:EXT:bootstrap_package/Resources/Private/Language/Backend.xlf:carousel.transition.fade</numIndex>
                                        <numIndex index="1">fade</numIndex>
                                    </numIndex>
                                    <numIndex index="1" type="array">
                                        <numIndex index="0">LLL:EXT:bootstrap_package/Resources/Private/Language/Backend.xlf:carousel.transition.slide</numIndex>
                                        <numIndex index="1">slide</numIndex>
                                    </numIndex>
                                </items>
                            </config>
                        </TCEforms>
                    </transition>
                    <wrap>
                        <TCEforms>
                            <label>LLL:EXT:bootstrap_package/Resources/Private/Language/Backend.xlf:carousel.wrap</label>
                            <config>
                                <type>check</type>
                                <default>1</default>
                                <items type="array">
                                    <numIndex index="0" type="array">
                                        <numIndex index="0">LLL:EXT:bootstrap_package/Resources/Private/Language/Backend.xlf:carousel.wrap.description</numIndex>
                                    </numIndex>
                                </items>
                            </config>
                        </TCEforms>
                    </wrap>
                </el>
            </ROOT>
        </sDEF>
    </sheets>
</T3DataStructure>
